000000,2,99.13043478260869,1003.9024390243902,0.8183040022850037
000000,3,169.3478260869565,967.0243902439024,0.7205222845077515
000000,4,297.39130434782606,1069.4634146341464,0.6764862537384033
000000,5,367.6086956521739,1102.2439024390244,0.8291574120521545
000000,6,33.04347826086956,1069.4634146341464,0.7119150161743164
000000,7,132.17391304347825,1167.8048780487804,0.3350878655910492
000000,9,301.52173913043475,1204.6829268292684,0.7028012275695801
000000,10,400.65217391304344,1335.8048780487804,0.8476956486701965
000000,11,503.9130434782608,1471.0243902439024,0.7115045785903931
000000,12,202.39130434782606,1237.4634146341464,0.5912081599235535
000000,17,66.08695652173913,868.6829268292684,0.3889647424221039
000000,18,0.0,934.2439024390244,0.34986191987991333
000001,2,99.13043478260869,1003.9024390243902,0.8661018013954163
000001,3,169.3478260869565,938.3414634146342,0.7598366141319275
000001,4,297.39130434782606,1069.4634146341464,0.7179868817329407
000001,5,367.6086956521739,1069.4634146341464,0.8331319093704224
000001,6,33.04347826086956,1036.6829268292684,0.7177425622940063
000001,7,132.17391304347825,1139.1219512195123,0.3743966519832611
000001,9,301.52173913043475,1200.5853658536585,0.6667719483375549
000001,10,400.65217391304344,1307.1219512195123,0.7430372834205627
000001,11,499.78260869565213,1471.0243902439024,0.7450345754623413
000001,12,202.39130434782606,1237.4634146341464,0.6265819668769836
000001,13,367.6086956521739,1335.8048780487804,0.201959490776062
000001,17,66.08695652173913,868.6829268292684,0.41811487078666687
000001,18,0.0,934.2439024390244,0.32338619232177734
000002,2,99.13043478260869,999.8048780487806,0.781990647315979
000002,3,169.3478260869565,938.3414634146342,0.7940508127212524
000002,4,301.52173913043475,1069.4634146341464,0.7038999199867249
000002,5,367.6086956521739,1069.4634146341464,0.782500147819519
000002,6,33.04347826086956,1036.6829268292684,0.7551883459091187
000002,7,99.13043478260869,1135.0243902439024,0.30083197355270386
000002,9,301.52173913043475,1171.9024390243903,0.647968053817749
000002,10,400.65217391304344,1303.0243902439024,0.8056004643440247
000002,11,499.78260869565213,1471.0243902439024,0.7718811631202698
000002,12,202.39130434782606,1204.6829268292684,0.5692117214202881
000002,13,367.6086956521739,1303.0243902439024,0.33774852752685547
000002,17,66.08695652173913,835.9024390243902,0.3479565680027008
000002,18,0.0,901.4634146341464,0.3571457266807556
000003,2,99.13043478260869,971.1219512195122,0.7664694786071777
000003,3,169.3478260869565,934.2439024390244,0.811312735080719
000003,4,268.4782608695652,1036.6829268292684,0.6512278318405151
000003,5,367.6086956521739,1036.6829268292684,0.7109664678573608
000003,6,33.04347826086956,1036.6829268292684,0.6861470341682434
000003,7,103.26086956521738,1135.0243902439024,0.22707276046276093
000003,9,301.52173913043475,1167.8048780487804,0.6839229464530945
000003,10,400.65217391304344,1303.0243902439024,0.7176225781440735
000003,11,499.78260869565213,1438.2439024390244,0.7474433183670044
000003,12,202.39130434782606,1204.6829268292684,0.5563371777534485
000003,17,66.08695652173913,835.9024390243902,0.38789743185043335
000003,18,0.0,901.4634146341464,0.20208120346069336
000004,2,99.13043478260869,971.1219512195122,0.7811724543571472
000004,3,165.2173913043478,934.2439024390244,0.8531796932220459
000004,4,268.4782608695652,1036.6829268292684,0.7116098403930664
000004,5,367.6086956521739,1036.6829268292684,0.7348389029502869
000004,6,33.04347826086956,1036.6829268292684,0.7084434032440186
000004,7,132.17391304347825,1135.0243902439024,0.20596173405647278
000004,9,301.52173913043475,1167.8048780487804,0.7008760571479797
000004,10,400.65217391304344,1270.2439024390244,0.7559007406234741
000004,11,499.78260869565213,1438.2439024390244,0.7156224250793457
000004,12,231.30434782608694,1204.6829268292684,0.5628159642219543
000004,13,367.6086956521739,1303.0243902439024,0.5772221088409424
000004,14,433.695652173913,1368.5853658536585,0.36531513929367065
000004,17,66.08695652173913,835.9024390243902,0.42713579535484314
000004,18,0.0,901.4634146341464,0.22201032936573029
000005,2,99.13043478260869,971.1219512195122,0.7968057990074158
000005,3,165.2173913043478,934.2439024390244,0.8621706962585449
000005,4,268.4782608695652,1036.6829268292684,0.7435033321380615
000005,5,367.6086956521739,1036.6829268292684,0.7224356532096863
000005,6,33.04347826086956,1036.6829268292684,0.671669065952301
000005,7,132.17391304347825,1106.341463414634,0.1880018264055252
000005,9,301.52173913043475,1167.8048780487804,0.6647716760635376
000005,10,400.65217391304344,1237.4634146341464,0.8106464743614197
000005,11,470.86956521739125,1401.3658536585367,0.6515394449234009
000005,12,231.30434782608694,1204.6829268292684,0.6422194838523865
000005,13,334.5652173913043,1270.2439024390244,0.6911810636520386
000005,14,437.8260869565217,1368.5853658536585,0.5367022156715393
000005,17,66.08695652173913,835.9024390243902,0.43267762660980225
000005,18,0.0,901.4634146341464,0.20826971530914307
000006,2,99.13043478260869,971.1219512195122,0.8015618324279785
000006,3,165.2173913043478,934.2439024390244,0.831635594367981
000006,4,268.4782608695652,1036.6829268292684,0.7809465527534485
000006,5,367.6086956521739,1069.4634146341464,0.7137850522994995
000006,6,33.04347826086956,1003.9024390243902,0.6159072518348694
000006,7,132.17391304347825,1106.341463414634,0.26526904106140137
000006,9,301.52173913043475,1139.1219512195123,0.6536393761634827
000006,10,400.65217391304344,1233.3658536585367,0.7964940071105957
000006,11,466.73913043478257,1372.6829268292684,0.685462236404419
000006,12,231.30434782608694,1204.6829268292684,0.6491867303848267
000006,13,334.5652173913043,1270.2439024390244,0.7818272709846497
000006,14,437.8260869565217,1368.5853658536585,0.6804954409599304
000006,17,66.08695652173913,835.9024390243902,0.4270269274711609
000006,18,0.0,901.4634146341464,0.1723034381866455
000007,2,99.13043478260869,971.1219512195122,0.8116616010665894
000007,3,165.2173913043478,934.2439024390244,0.827764093875885
000007,4,268.4782608695652,1036.6829268292684,0.7713600993156433
000007,5,367.6086956521739,1069.4634146341464,0.8585240840911865
000007,6,33.04347826086956,1003.9024390243902,0.6562220454216003
000007,7,132.17391304347825,1102.2439024390244,0.12233838438987732
000007,9,297.39130434782606,1139.1219512195123,0.6125839352607727
000007,10,400.65217391304344,1204.6829268292684,0.7962874174118042
000007,11,466.73913043478257,1339.9024390243903,0.6595605611801147
000007,12,202.39130434782606,1200.5853658536585,0.602377712726593
000007,13,334.5652173913043,1270.2439024390244,0.7965252995491028
000007,14,437.8260869565217,1368.5853658536585,0.7380330562591553
000007,17,66.08695652173913,835.9024390243902,0.41164669394493103
000007,18,0.0,901.4634146341464,0.16503293812274933
000008,2,99.13043478260869,967.0243902439024,0.8061884641647339
000008,3,165.2173913043478,934.2439024390244,0.7932774424552917
000008,4,268.4782608695652,1036.6829268292684,0.8348374962806702
000008,5,367.6086956521739,1069.4634146341464,0.8238369226455688
000008,6,33.04347826086956,1003.9024390243902,0.6547409296035767
000008,9,301.52173913043475,1135.0243902439024,0.6426297426223755
000008,10,400.65217391304344,1171.9024390243903,0.7393748164176941
000008,11,466.73913043478257,1303.0243902439024,0.8600459694862366
000008,12,202.39130434782606,1200.5853658536585,0.5938553214073181
000008,13,334.5652173913043,1270.2439024390244,0.8148924708366394
000008,14,433.695652173913,1368.5853658536585,0.8183853626251221
000008,17,66.08695652173913,835.9024390243902,0.4410952925682068
000008,18,0.0,868.6829268292684,0.17675799131393433
000009,2,99.13043478260869,967.0243902439024,0.7818772196769714
000009,3,165.2173913043478,934.2439024390244,0.7291514277458191
000009,4,268.4782608695652,1036.6829268292684,0.8225507736206055
000009,5,367.6086956521739,1102.2439024390244,0.8153730034828186
000009,6,33.04347826086956,1003.9024390243902,0.6691491603851318
000009,7,103.26086956521738,1102.2439024390244,0.12747086584568024
000009,9,301.52173913043475,1135.0243902439024,0.6299418807029724
000009,10,367.6086956521739,1167.8048780487804,0.7004275321960449
000009,11,466.73913043478257,1270.2439024390244,0.8567987680435181
000009,12,231.30434782608694,1200.5853658536585,0.6245432496070862
000009,13,334.5652173913043,1270.2439024390244,0.8052689433097839
000009,14,433.695652173913,1368.5853658536585,0.8387717604637146
000009,17,66.08695652173913,831.8048780487806,0.43634676933288574
000009,18,0.0,868.6829268292684,0.19088608026504517
000010,2,99.13043478260869,967.0243902439024,0.7502371072769165
000010,3,165.2173913043478,901.4634146341464,0.7981945872306824
000010,4,268.4782608695652,1036.6829268292684,0.8623206615447998
000010,5,367.6086956521739,1102.2439024390244,0.8536125421524048
000010,6,33.04347826086956,1003.9024390243902,0.6909444332122803
000010,7,103.26086956521738,1102.2439024390244,0.13964903354644775
000010,9,297.39130434782606,1135.0243902439024,0.641788899898529
000010,10,400.65217391304344,1167.8048780487804,0.7540351152420044
000010,11,466.73913043478257,1237.4634146341464,0.8197790384292603
000010,12,231.30434782608694,1200.5853658536585,0.606331467628479
000010,13,334.5652173913043,1270.2439024390244,0.7689763903617859
000010,14,433.695652173913,1368.5853658536585,0.7688086032867432
000010,17,66.08695652173913,835.9024390243902,0.3917279541492462
000010,18,0.0,868.6829268292684,0.23144404590129852
000011,2,99.13043478260869,938.3414634146342,0.7820757031440735
000011,3,165.2173913043478,901.4634146341464,0.8660014271736145
000011,4,268.4782608695652,1036.6829268292684,0.8162873983383179
000011,5,367.6086956521739,1102.2439024390244,0.764074981212616
000011,6,33.04347826086956,999.8048780487806,0.6920211315155029
000011,9,301.52173913043475,1135.0243902439024,0.6711925864219666
000011,10,400.65217391304344,1139.1219512195123,0.5842837691307068
000011,11,466.73913043478257,1233.3658536585367,0.7728871703147888
000011,12,231.30434782608694,1200.5853658536585,0.5997596979141235
000011,13,334.5652173913043,1270.2439024390244,0.8054774403572083
000011,14,433.695652173913,1368.5853658536585,0.8085973858833313
000011,17,70.21739130434781,831.8048780487806,0.33931729197502136
000011,18,0.0,868.6829268292684,0.25519928336143494
000012,2,99.13043478260869,934.2439024390244,0.854464054107666
000012,3,165.2173913043478,901.4634146341464,0.8697590827941895
000012,4,268.4782608695652,1036.6829268292684,0.7964656352996826
000012,5,400.65217391304344,1102.2439024390244,0.748866081237793
000012,6,33.04347826086956,971.1219512195122,0.715323269367218
000012,7,103.26086956521738,1102.2439024390244,0.18088024854660034
000012,9,301.52173913043475,1135.0243902439024,0.6347770690917969
000012,10,400.65217391304344,1135.0243902439024,0.441476434469223
000012,11,466.73913043478257,1204.6829268292684,0.7419430017471313
000012,12,202.39130434782606,1171.9024390243903,0.5940243601799011
000012,17,99.13043478260869,803.1219512195122,0.3538770377635956
000012,18,0.0,868.6829268292684,0.2659328877925873
000013,2,99.13043478260869,934.2439024390244,0.8548859357833862
000013,3,169.3478260869565,901.4634146341464,0.7923588752746582
000013,4,268.4782608695652,1036.6829268292684,0.7431818842887878
000013,5,400.65217391304344,1102.2439024390244,0.7951445579528809
000013,6,33.04347826086956,971.1219512195122,0.7587912678718567
000013,7,99.13043478260869,1069.4634146341464,0.1127748042345047
000013,9,301.52173913043475,1135.0243902439024,0.6412764191627502
000013,10,400.65217391304344,1139.1219512195123,0.2364732176065445
000013,11,466.73913043478257,1200.5853658536585,0.473464697599411
000013,12,202.39130434782606,1171.9024390243903,0.6273045539855957
000013,13,334.5652173913043,1270.2439024390244,0.8467640280723572
000013,14,433.695652173913,1368.5853658536585,0.8279775977134705
000013,17,99.13043478260869,799.0243902439024,0.3452908396720886
000013,18,0.0,835.9024390243902,0.2769003212451935
000014,2,99.13043478260869,934.2439024390244,0.8087016344070435
000014,3,169.3478260869565,868.6829268292684,0.7609215974807739
000014,4,268.4782608695652,1003.9024390243902,0.7061957716941833
000014,5,400.65217391304344,1102.2439024390244,0.8040162324905396
000014,6,33.04347826086956,967.0243902439024,0.7673044800758362
000014,7,99.13043478260869,1069.4634146341464,0.1979694366455078
000014,9,301.52173913043475,1135.0243902439024,0.5881037712097168
000014,10,400.65217391304344,1135.0243902439024,0.31764665246009827
000014,12,202.39130434782606,1171.9024390243903,0.6492114663124084
000014,13,334.5652173913043,1270.2439024390244,0.8469737768173218
000014,14,433.695652173913,1368.5853658536585,0.8530242443084717
000014,17,99.13043478260869,770.3414634146342,0.3311850428581238
000014,18,0.0,835.9024390243902,0.21802258491516113
000015,2,99.13043478260869,905.5609756097562,0.7991212606430054
000015,3,169.3478260869565,868.6829268292684,0.8168848156929016
000015,4,297.39130434782606,1003.9024390243902,0.7782973051071167
000015,5,400.65217391304344,1102.2439024390244,0.8153595328330994
000015,6,33.04347826086956,938.3414634146342,0.7133100628852844
000015,7,103.26086956521738,1069.4634146341464,0.3957761526107788
000015,9,301.52173913043475,1102.2439024390244,0.6496701240539551
000015,10,433.695652173913,1167.8048780487804,0.33562883734703064
000015,11,466.73913043478257,1171.9024390243903,0.5777521729469299
000015,12,231.30434782608694,1167.8048780487804,0.670861542224884
000015,13,334.5652173913043,1270.2439024390244,0.819442093372345
000015,14,433.695652173913,1368.5853658536585,0.8543994426727295
000015,17,99.13043478260869,770.3414634146342,0.43301665782928467
000015,18,0.0,803.1219512195122,0.30339956283569336
000016,2,99.13043478260869,901.4634146341464,0.8246456980705261
000016,3,169.3478260869565,868.6829268292684,0.7409196496009827
000016,4,301.52173913043475,1003.9024390243902,0.7949608564376831
000016,5,400.65217391304344,1069.4634146341464,0.7883628010749817
000016,6,33.04347826086956,934.2439024390244,0.7640998959541321
000016,7,103.26086956521738,1069.4634146341464,0.11358533799648285
000016,9,301.52173913043475,1102.2439024390244,0.6741107106208801
000016,10,400.65217391304344,1135.0243902439024,0.4348391890525818
000016,11,466.73913043478257,1171.9024390243903,0.7103026509284973
000016,12,231.30434782608694,1167.8048780487804,0.6676374673843384
000016,13,334.5652173913043,1270.2439024390244,0.7881435751914978
000016,14,433.695652173913,1368.5853658536585,0.8303806185722351
000016,17,99.13043478260869,766.2439024390244,0.43216851353645325
000016,18,0.0,803.1219512195122,0.2857644259929657
000017,2,103.26086956521738,901.4634146341464,0.7743273377418518
000017,3,198.26086956521738,868.6829268292684,0.74569171667099
000017,4,301.52173913043475,999.8048780487806,0.7914063930511475
000017,5,400.65217391304344,1069.4634146341464,0.7491157054901123
000017,6,33.04347826086956,934.2439024390244,0.7677999138832092
000017,7,132.17391304347825,1069.4634146341464,0.30296459794044495
000017,9,301.52173913043475,1102.2439024390244,0.6728494167327881
000017,10,400.65217391304344,1135.0243902439024,0.4174453914165497
000017,11,466.73913043478257,1171.9024390243903,0.7077344059944153
000017,12,231.30434782608694,1167.8048780487804,0.6397704482078552
000017,13,334.5652173913043,1270.2439024390244,0.7973625063896179
000017,14,433.695652173913,1368.5853658536585,0.845085084438324
000017,17,103.26086956521738,766.2439024390244,0.45893633365631104
000017,18,33.04347826086956,803.1219512195122,0.2198125720024109
000018,2,132.17391304347825,872.780487804878,0.7241270542144775
000018,3,198.26086956521738,835.9024390243902,0.8451353311538696
000018,4,301.52173913043475,971.1219512195122,0.8475122451782227
000018,5,367.6086956521739,1036.6829268292684,0.7687066197395325
000018,6,66.08695652173913,934.2439024390244,0.660372257232666
000018,7,132.17391304347825,1036.6829268292684,0.266244500875473
000018,9,301.52173913043475,1069.4634146341464,0.6743178963661194
000018,10,400.65217391304344,1135.0243902439024,0.44328877329826355
000018,11,466.73913043478257,1171.9024390243903,0.7330901622772217
000018,12,231.30434782608694,1135.0243902439024,0.6983875036239624
000018,13,334.5652173913043,1266.1463414634147,0.7593663930892944
000018,14,433.695652173913,1368.5853658536585,0.833661675453186
000018,17,132.17391304347825,737.5609756097562,0.4129568636417389
000018,18,33.04347826086956,799.0243902439024,0.2446737438440323
000019,2,132.17391304347825,868.6829268292684,0.8777164816856384
000019,3,202.39130434782606,835.9024390243902,0.8164244890213013
000019,4,301.52173913043475,967.0243902439024,0.8269512057304382
000019,5,367.6086956521739,1003.9024390243902,0.7869071364402771
000019,6,66.08695652173913,901.4634146341464,0.6919479370117188
000019,7,132.17391304347825,1036.6829268292684,0.29197928309440613
000019,9,301.52173913043475,1069.4634146341464,0.6558389663696289
000019,10,367.6086956521739,1102.2439024390244,0.5132673978805542
000019,11,466.73913043478257,1167.8048780487804,0.6969736814498901
000019,12,231.30434782608694,1135.0243902439024,0.71797776222229
000019,13,334.5652173913043,1237.4634146341464,0.8248841762542725
000019,14,433.695652173913,1368.5853658536585,0.8397377133369446
000019,17,132.17391304347825,733.4634146341464,0.49430403113365173
000019,18,33.04347826086956,770.3414634146342,0.2725231945514679
000020,2,132.17391304347825,868.6829268292684,0.8564419746398926
000020,3,202.39130434782606,803.1219512195122,0.7555673718452454
000020,4,301.52173913043475,938.3414634146342,0.825993537902832
000020,5,367.6086956521739,999.8048780487806,0.7882338166236877
000020,6,66.08695652173913,901.4634146341464,0.8031346201896667
000020,7,103.26086956521738,1036.6829268292684,0.6771935224533081
000020,8,169.3478260869565,1102.2439024390244,0.6569511294364929
000020,9,301.52173913043475,1069.4634146341464,0.5733319520950317
000020,10,367.6086956521739,1102.2439024390244,0.5926209092140198
000020,11,466.73913043478257,1167.8048780487804,0.7842095494270325
000020,12,235.43478260869563,1135.0243902439024,0.6669474840164185
000020,13,334.5652173913043,1237.4634146341464,0.8940401673316956
000020,14,433.695652173913,1368.5853658536585,0.8153260350227356
000020,17,132.17391304347825,733.4634146341464,0.4858221411705017
000020,18,33.04347826086956,770.3414634146342,0.2780793607234955
000021,2,132.17391304347825,868.6829268292684,0.7621006965637207
000021,3,231.30434782608694,803.1219512195122,0.7924724817276001
000021,4,301.52173913043475,934.2439024390244,0.8134888410568237
000021,5,367.6086956521739,971.1219512195122,0.7637535929679871
000021,6,66.08695652173913,901.4634146341464,0.7696784734725952
000021,7,103.26086956521738,1036.6829268292684,0.6238691806793213
000021,8,169.3478260869565,1102.2439024390244,0.7232155799865723
000021,9,301.52173913043475,1036.6829268292684,0.6062204837799072
000021,10,400.65217391304344,1102.2439024390244,0.6490086317062378
000021,11,466.73913043478257,1167.8048780487804,0.8159638047218323
000021,12,235.43478260869563,1102.2439024390244,0.7007182836532593
000021,13,334.5652173913043,1237.4634146341464,0.8926723599433899
000021,14,433.695652173913,1368.5853658536585,0.8038683533668518
000021,17,132.17391304347825,704.780487804878,0.473542720079422
000021,18,33.04347826086956,766.2439024390244,0.2874637544155121
000022,2,136.30434782608694,835.9024390243902,0.826675534248352
000022,3,231.30434782608694,803.1219512195122,0.786435604095459
000022,4,301.52173913043475,901.4634146341464,0.793013334274292
000022,5,367.6086956521739,938.3414634146342,0.7510687112808228
000022,6,66.08695652173913,868.6829268292684,0.7823184132575989
000022,7,132.17391304347825,1003.9024390243902,0.6556189656257629
000022,8,165.2173913043478,1069.4634146341464,0.6602948904037476
000022,9,334.5652173913043,1036.6829268292684,0.6374329328536987
000022,10,400.65217391304344,1069.4634146341464,0.642005443572998
000022,11,466.73913043478257,1167.8048780487804,0.7940397262573242
000022,12,235.43478260869563,1102.2439024390244,0.7202413082122803
000022,13,334.5652173913043,1237.4634146341464,0.8997592926025391
000022,14,433.695652173913,1368.5853658536585,0.7541229128837585
000022,17,136.30434782608694,700.6829268292684,0.544156551361084
000022,18,33.04347826086956,737.5609756097562,0.3066589832305908
000023,2,165.2173913043478,835.9024390243902,0.7517426013946533
000023,3,235.43478260869563,770.3414634146342,0.8193305730819702
000023,4,301.52173913043475,901.4634146341464,0.7419863939285278
000023,5,367.6086956521739,934.2439024390244,0.786902904510498
000023,6,66.08695652173913,868.6829268292684,0.7220399379730225
000023,7,132.17391304347825,999.8048780487806,0.6082983613014221
000023,8,169.3478260869565,1069.4634146341464,0.6090271472930908
000023,9,330.4347826086956,1032.5853658536585,0.5596479177474976
000023,10,400.65217391304344,1069.4634146341464,0.7377787232398987
000023,11,466.73913043478257,1167.8048780487804,0.7809964418411255
000023,12,235.43478260869563,1069.4634146341464,0.6864562630653381
000023,13,334.5652173913043,1233.3658536585367,0.7833960056304932
000023,14,433.695652173913,1335.8048780487804,0.7589656114578247
000023,17,136.30434782608694,700.6829268292684,0.4608982503414154
000023,18,66.08695652173913,733.4634146341464,0.2788315713405609
000024,2,165.2173913043478,803.1219512195122,0.7784302234649658
000024,3,235.43478260869563,770.3414634146342,0.8734347820281982
000024,4,334.5652173913043,901.4634146341464,0.681021511554718
000024,5,400.65217391304344,934.2439024390244,0.6829617023468018
000024,6,66.08695652173913,835.9024390243902,0.6458598375320435
000024,9,334.5652173913043,1003.9024390243902,0.6590672135353088
000024,10,400.65217391304344,1069.4634146341464,0.7760329842567444
000024,11,466.73913043478257,1167.8048780487804,0.7638188600540161
000024,12,235.43478260869563,1069.4634146341464,0.7254669070243835
000024,13,334.5652173913043,1204.6829268292684,0.8734115958213806
000024,14,433.695652173913,1339.9024390243903,0.7463998794555664
000024,17,136.30434782608694,667.9024390243902,0.51638263463974
000024,18,66.08695652173913,704.780487804878,0.2892233431339264
000025,2,165.2173913043478,803.1219512195122,0.817679762840271
000025,3,235.43478260869563,766.2439024390244,0.7656102776527405
000025,4,330.4347826086956,868.6829268292684,0.7070156335830688
000025,5,400.65217391304344,905.5609756097562,0.7407350540161133
000025,6,70.21739130434781,835.9024390243902,0.6853431463241577
000025,9,334.5652173913043,1003.9024390243902,0.6666802763938904
000025,10,400.65217391304344,1069.4634146341464,0.7936329245567322
000025,11,466.73913043478257,1167.8048780487804,0.7856048345565796
000025,12,235.43478260869563,1069.4634146341464,0.6933538913726807
000025,13,334.5652173913043,1200.5853658536585,0.8412066102027893
000025,14,433.695652173913,1335.8048780487804,0.7869551181793213
000025,17,165.2173913043478,667.9024390243902,0.513948380947113
000025,18,66.08695652173913,700.6829268292684,0.32052916288375854
000026,2,165.2173913043478,770.3414634146342,0.7772266864776611
000026,3,235.43478260869563,737.5609756097562,0.7630740404129028
000026,4,334.5652173913043,868.6829268292684,0.7980141043663025
000026,5,400.65217391304344,901.4634146341464,0.81183260679245
000026,6,99.13043478260869,831.8048780487806,0.6160406470298767
000026,9,334.5652173913043,999.8048780487806,0.6196562051773071
000026,10,400.65217391304344,1069.4634146341464,0.8329600095748901
000026,11,466.73913043478257,1167.8048780487804,0.8272266387939453
000026,12,235.43478260869563,1036.6829268292684,0.7000941038131714
000026,13,334.5652173913043,1171.9024390243903,0.8586238622665405
000026,14,433.695652173913,1335.8048780487804,0.8033387660980225
000026,17,165.2173913043478,635.1219512195122,0.494748592376709
000026,18,66.08695652173913,700.6829268292684,0.2580520212650299
000027,2,165.2173913043478,770.3414634146342,0.8523364663124084
000027,3,264.3478260869565,733.4634146341464,0.7685813903808594
000027,4,334.5652173913043,835.9024390243902,0.7105557918548584
000027,5,400.65217391304344,901.4634146341464,0.8396037220954895
000027,6,99.13043478260869,803.1219512195122,0.7082668542861938
000027,9,334.5652173913043,971.1219512195122,0.7187354564666748
000027,10,400.65217391304344,1069.4634146341464,0.832217276096344
000027,11,466.73913043478257,1167.8048780487804,0.7988158464431763
000027,12,235.43478260869563,1036.6829268292684,0.6907550096511841
000027,13,334.5652173913043,1167.8048780487804,0.8383793830871582
000027,14,433.695652173913,1335.8048780487804,0.8029007315635681
000027,17,169.3478260869565,635.1219512195122,0.5604872703552246
000027,18,70.21739130434781,667.9024390243902,0.3111073672771454
000028,2,169.3478260869565,770.3414634146342,0.8584052324295044
000028,3,264.3478260869565,733.4634146341464,0.7749663591384888
000028,4,334.5652173913043,835.9024390243902,0.8227817416191101
000028,5,400.65217391304344,901.4634146341464,0.8587580323219299
000028,6,99.13043478260869,803.1219512195122,0.7796165943145752
000028,9,334.5652173913043,971.1219512195122,0.7146426439285278
000028,10,400.65217391304344,1069.4634146341464,0.8488929867744446
000028,11,466.73913043478257,1167.8048780487804,0.7439008951187134
000028,12,235.43478260869563,1032.5853658536585,0.6764187216758728
000028,13,334.5652173913043,1135.0243902439024,0.8696299195289612
000028,14,433.695652173913,1335.8048780487804,0.701032280921936
000028,17,169.3478260869565,635.1219512195122,0.6131032705307007
000028,18,99.13043478260869,667.9024390243902,0.26609063148498535
000029,2,169.3478260869565,766.2439024390244,0.8108453154563904
000029,3,264.3478260869565,733.4634146341464,0.7836282849311829
000029,4,334.5652173913043,835.9024390243902,0.8190012574195862
000029,5,400.65217391304344,901.4634146341464,0.8268747925758362
000029,6,99.13043478260869,803.1219512195122,0.7529398798942566
000029,9,334.5652173913043,967.0243902439024,0.7213627099990845
000029,10,400.65217391304344,1069.4634146341464,0.8592920899391174
000029,11,466.73913043478257,1139.1219512195123,0.7325115203857422
000029,12,235.43478260869563,1003.9024390243902,0.6616312265396118
000029,13,334.5652173913043,1135.0243902439024,0.8632943630218506
000029,14,433.695652173913,1303.0243902439024,0.7359898686408997
000029,17,169.3478260869565,635.1219512195122,0.46136048436164856
000029,18,99.13043478260869,667.9024390243902,0.2975669205188751
000030,2,169.3478260869565,766.2439024390244,0.7387396097183228
000030,3,268.4782608695652,704.780487804878,0.7391577363014221
000030,4,334.5652173913043,835.9024390243902,0.7802675366401672
000030,5,404.78260869565213,901.4634146341464,0.7972827553749084
000030,6,99.13043478260869,799.0243902439024,0.679465115070343
000030,7,136.30434782608694,901.4634146341464,0.324566513299942
000030,9,334.5652173913043,938.3414634146342,0.6818503737449646
000030,10,400.65217391304344,1069.4634146341464,0.8453068137168884
000030,11,466.73913043478257,1167.8048780487804,0.7005302309989929
000030,12,264.3478260869565,1003.9024390243902,0.6701142191886902
000030,13,334.5652173913043,1135.0243902439024,0.799384355545044
000030,14,400.65217391304344,1270.2439024390244,0.7684482932090759
000030,17,169.3478260869565,635.1219512195122,0.3928478956222534
000030,18,99.13043478260869,667.9024390243902,0.26992547512054443
000031,2,169.3478260869565,737.5609756097562,0.7314612865447998
000031,3,268.4782608695652,704.780487804878,0.7974684834480286
000031,4,334.5652173913043,835.9024390243902,0.7330712676048279
000031,5,433.695652173913,901.4634146341464,0.7898610234260559
000031,6,99.13043478260869,770.3414634146342,0.7186869978904724
000031,7,136.30434782608694,901.4634146341464,0.3285919427871704
000031,9,334.5652173913043,938.3414634146342,0.6993062496185303
000031,10,400.65217391304344,1069.4634146341464,0.8693186640739441
000031,11,466.73913043478257,1167.8048780487804,0.7579237222671509
000031,12,264.3478260869565,1003.9024390243902,0.6734586358070374
000031,13,334.5652173913043,1106.341463414634,0.752119779586792
000031,14,400.65217391304344,1237.4634146341464,0.7201635837554932
000031,17,198.26086956521738,602.3414634146342,0.4856221675872803
000031,18,99.13043478260869,635.1219512195122,0.25117096304893494
000032,2,198.26086956521738,737.5609756097562,0.7496806979179382
000032,3,268.4782608695652,700.6829268292684,0.8221445083618164
000032,4,367.6086956521739,835.9024390243902,0.7488430142402649
000032,5,433.695652173913,901.4634146341464,0.7573859095573425
000032,6,99.13043478260869,770.3414634146342,0.728837788105011
000032,7,165.2173913043478,868.6829268292684,0.24642597138881683
000032,9,334.5652173913043,938.3414634146342,0.6893549561500549
000032,10,400.65217391304344,1069.4634146341464,0.7990912795066833
000032,11,466.73913043478257,1167.8048780487804,0.7553267478942871
000032,12,235.43478260869563,999.8048780487806,0.6380805969238281
000032,13,334.5652173913043,1069.4634146341464,0.8048359751701355
000032,14,400.65217391304344,1233.3658536585367,0.7892417907714844
000032,17,198.26086956521738,602.3414634146342,0.5201225280761719
000032,18,99.13043478260869,635.1219512195122,0.32322826981544495
000033,2,198.26086956521738,733.4634146341464,0.8103892803192139
000033,3,268.4782608695652,700.6829268292684,0.8681107759475708
000033,4,334.5652173913043,803.1219512195122,0.7155247330665588
000033,5,433.695652173913,868.6829268292684,0.7622296810150146
000033,6,103.26086956521738,766.2439024390244,0.7320303320884705
000033,7,165.2173913043478,868.6829268292684,0.3198170065879822
000033,9,334.5652173913043,938.3414634146342,0.6998318433761597
000033,10,400.65217391304344,1069.4634146341464,0.7870383858680725
000033,11,466.73913043478257,1167.8048780487804,0.7387129068374634
000033,12,235.43478260869563,971.1219512195122,0.6444789171218872
000033,13,334.5652173913043,1069.4634146341464,0.8691519498825073
000033,14,400.65217391304344,1200.5853658536585,0.8346105813980103
000033,17,198.26086956521738,602.3414634146342,0.5451564788818359
000033,18,99.13043478260869,635.1219512195122,0.36305510997772217
000034,2,198.26086956521738,733.4634146341464,0.8092543482780457
000034,3,268.4782608695652,700.6829268292684,0.8344789147377014
000034,4,334.5652173913043,803.1219512195122,0.6781699657440186
000034,5,433.695652173913,868.6829268292684,0.7862570285797119
000034,6,103.26086956521738,770.3414634146342,0.7034620046615601
000034,7,165.2173913043478,868.6829268292684,0.11509480327367783
000034,9,334.5652173913043,934.2439024390244,0.7096837162971497
000034,10,400.65217391304344,1036.6829268292684,0.7780033946037292
000034,11,466.73913043478257,1167.8048780487804,0.6973748207092285
000034,12,235.43478260869563,971.1219512195122,0.6587167978286743
000034,13,334.5652173913043,1069.4634146341464,0.7768473029136658
000034,14,400.65217391304344,1167.8048780487804,0.7892521023750305
000034,17,198.26086956521738,602.3414634146342,0.5582961440086365
000034,18,99.13043478260869,635.1219512195122,0.32164421677589417
000035,2,198.26086956521738,733.4634146341464,0.8032445907592773
000035,3,268.4782608695652,700.6829268292684,0.8243006467819214
000035,4,367.6086956521739,803.1219512195122,0.7295598387718201
000035,5,433.695652173913,868.6829268292684,0.8447352051734924
000035,6,103.26086956521738,766.2439024390244,0.6729013323783875
000035,9,334.5652173913043,934.2439024390244,0.7354622483253479
000035,10,400.65217391304344,1036.6829268292684,0.7747558355331421
000035,11,466.73913043478257,1167.8048780487804,0.7100995182991028
000035,12,235.43478260869563,967.0243902439024,0.6662293672561646
000035,13,334.5652173913043,1036.6829268292684,0.6784469485282898
000035,14,433.695652173913,1139.1219512195123,0.5800521373748779
000035,17,198.26086956521738,602.3414634146342,0.5821981430053711
000035,18,99.13043478260869,635.1219512195122,0.3413078784942627
000036,2,198.26086956521738,733.4634146341464,0.7943163514137268
000036,3,268.4782608695652,700.6829268292684,0.8296358585357666
000036,4,367.6086956521739,803.1219512195122,0.7264329195022583
000036,5,433.695652173913,868.6829268292684,0.8236256241798401
000036,6,103.26086956521738,766.2439024390244,0.6595439910888672
000036,9,334.5652173913043,934.2439024390244,0.7229523062705994
000036,10,400.65217391304344,1036.6829268292684,0.7585638761520386
000036,11,466.73913043478257,1167.8048780487804,0.6941041350364685
000036,12,235.43478260869563,967.0243902439024,0.6400998830795288
000036,13,334.5652173913043,1036.6829268292684,0.524835467338562
000036,14,400.65217391304344,1102.2439024390244,0.3526550531387329
000036,17,198.26086956521738,602.3414634146342,0.5814028382301331
000036,18,99.13043478260869,635.1219512195122,0.33216091990470886
000037,2,198.26086956521738,733.4634146341464,0.7739291787147522
000037,3,268.4782608695652,700.6829268292684,0.810167133808136
000037,4,367.6086956521739,803.1219512195122,0.7270215749740601
000037,5,433.695652173913,868.6829268292684,0.8308743238449097
000037,6,103.26086956521738,737.5609756097562,0.6743749380111694
000037,9,334.5652173913043,934.2439024390244,0.7382004857063293
000037,10,400.65217391304344,1065.3658536585367,0.762842059135437
000037,11,466.73913043478257,1167.8048780487804,0.7431132793426514
000037,12,235.43478260869563,967.0243902439024,0.6653149127960205
000037,13,268.4782608695652,967.0243902439024,0.11525401473045349
000037,17,198.26086956521738,602.3414634146342,0.5798889398574829
000037,18,99.13043478260869,635.1219512195122,0.2970241904258728
000038,2,198.26086956521738,704.780487804878,0.7419779300689697
000038,3,268.4782608695652,700.6829268292684,0.7785453200340271
000038,4,334.5652173913043,803.1219512195122,0.763468325138092
000038,5,433.695652173913,868.6829268292684,0.789910078048706
000038,6,103.26086956521738,737.5609756097562,0.7073163986206055
000038,9,334.5652173913043,934.2439024390244,0.7263387441635132
000038,10,400.65217391304344,1036.6829268292684,0.8125881552696228
000038,11,466.73913043478257,1167.8048780487804,0.746849536895752
000038,12,235.43478260869563,967.0243902439024,0.636135458946228
000038,17,202.39130434782606,602.3414634146342,0.5360947251319885
000038,18,99.13043478260869,635.1219512195122,0.30772069096565247
000039,2,198.26086956521738,700.6829268292684,0.7978846430778503
000039,3,268.4782608695652,667.9024390243902,0.7653741240501404
000039,4,334.5652173913043,803.1219512195122,0.75479656457901
000039,5,400.65217391304344,868.6829268292684,0.7541723847389221
000039,6,103.26086956521738,733.4634146341464,0.7184486389160156
000039,9,334.5652173913043,905.5609756097562,0.6977145075798035
000039,10,400.65217391304344,1036.6829268292684,0.8251311779022217
000039,11,466.73913043478257,1139.1219512195123,0.7239976525306702
000039,12,235.43478260869563,938.3414634146342,0.6688322424888611
000039,17,198.26086956521738,569.5609756097562,0.48136186599731445
000039,18,99.13043478260869,635.1219512195122,0.2835901379585266
000040,2,198.26086956521738,700.6829268292684,0.8097649812698364
000040,3,268.4782608695652,667.9024390243902,0.8123565912246704
000040,4,334.5652173913043,799.0243902439024,0.7457138895988464
000040,5,400.65217391304344,868.6829268292684,0.732936441898346
000040,6,103.26086956521738,733.4634146341464,0.7203840017318726
000040,9,334.5652173913043,905.5609756097562,0.7017847299575806
000040,10,400.65217391304344,1036.6829268292684,0.843686580657959
000040,11,466.73913043478257,1167.8048780487804,0.7252039909362793
000040,12,235.43478260869563,938.3414634146342,0.6472225189208984
000040,17,198.26086956521738,569.5609756097562,0.5358631014823914
000040,18,99.13043478260869,602.3414634146342,0.28919145464897156
000041,2,198.26086956521738,700.6829268292684,0.8203834891319275
000041,3,268.4782608695652,667.9024390243902,0.8354313373565674
000041,4,334.5652173913043,799.0243902439024,0.7287676930427551
000041,5,433.695652173913,868.6829268292684,0.7254011631011963
000041,6,103.26086956521738,733.4634146341464,0.6946922540664673
000041,7,165.2173913043478,868.6829268292684,0.1513611376285553
000041,9,334.5652173913043,901.4634146341464,0.7572122812271118
000041,10,400.65217391304344,1036.6829268292684,0.8461431860923767
000041,11,466.73913043478257,1167.8048780487804,0.7401391267776489
000041,12,235.43478260869563,934.2439024390244,0.6724902987480164
000041,17,198.26086956521738,569.5609756097562,0.5451706647872925
000041,18,99.13043478260869,602.3414634146342,0.2919192314147949
000042,2,198.26086956521738,700.6829268292684,0.8489879369735718
000042,3,268.4782608695652,667.9024390243902,0.8801425099372864
000042,4,334.5652173913043,799.0243902439024,0.7045237421989441
000042,5,433.695652173913,868.6829268292684,0.7569594979286194
000042,6,103.26086956521738,733.4634146341464,0.6968883872032166
000042,7,165.2173913043478,868.6829268292684,0.4585493206977844
000042,8,231.30434782608694,934.2439024390244,0.3215424120426178
000042,9,334.5652173913043,901.4634146341464,0.7564843893051147
000042,10,400.65217391304344,1036.6829268292684,0.8330236673355103
000042,11,466.73913043478257,1167.8048780487804,0.7365790605545044
000042,12,235.43478260869563,934.2439024390244,0.6368197202682495
000042,17,198.26086956521738,569.5609756097562,0.5787346363067627
000042,18,103.26086956521738,602.3414634146342,0.27995479106903076
000043,2,198.26086956521738,700.6829268292684,0.8363895416259766
000043,3,268.4782608695652,667.9024390243902,0.8566352725028992
000043,4,334.5652173913043,770.3414634146342,0.6881044507026672
000043,6,132.17391304347825,733.4634146341464,0.6490603089332581
000043,9,334.5652173913043,901.4634146341464,0.7822946310043335
000043,10,400.65217391304344,1036.6829268292684,0.8544600009918213
000043,11,466.73913043478257,1167.8048780487804,0.7433962225914001
000043,12,235.43478260869563,934.2439024390244,0.6807937622070312
000043,17,198.26086956521738,569.5609756097562,0.5539026260375977
000043,18,103.26086956521738,602.3414634146342,0.31576114892959595
000044,2,198.26086956521738,700.6829268292684,0.7956972718238831
000044,3,268.4782608695652,667.9024390243902,0.8486180305480957
000044,4,334.5652173913043,770.3414634146342,0.7355521321296692
000044,5,433.695652173913,868.6829268292684,0.7050206661224365
000044,6,103.26086956521738,704.780487804878,0.6604014039039612
000044,9,334.5652173913043,901.4634146341464,0.758255660533905
000044,10,400.65217391304344,1036.6829268292684,0.8196722865104675
000044,11,466.73913043478257,1139.1219512195123,0.7503942847251892
000044,12,235.43478260869563,934.2439024390244,0.6506848931312561
000044,17,198.26086956521738,565.4634146341464,0.5353060960769653
000044,18,103.26086956521738,602.3414634146342,0.3244723081588745
000045,2,198.26086956521738,672.0,0.7756816744804382
000045,3,268.4782608695652,667.9024390243902,0.8237727284431458
000045,4,334.5652173913043,770.3414634146342,0.7657346129417419
000045,5,404.78260869565213,835.9024390243902,0.6975423097610474
000045,6,132.17391304347825,700.6829268292684,0.7173649072647095
000045,9,334.5652173913043,901.4634146341464,0.7196093201637268
000045,10,400.65217391304344,1036.6829268292684,0.8269336223602295
000045,11,466.73913043478257,1139.1219512195123,0.7611424922943115
000045,12,235.43478260869563,905.5609756097562,0.6315042972564697
000045,17,198.26086956521738,565.4634146341464,0.5187116861343384
000045,18,103.26086956521738,598.2439024390244,0.3126663863658905
000046,2,198.26086956521738,667.9024390243902,0.8577960133552551
000046,3,268.4782608695652,635.1219512195122,0.8300524353981018
000046,4,334.5652173913043,766.2439024390244,0.7581526637077332
000046,5,433.695652173913,835.9024390243902,0.8143172264099121
000046,6,132.17391304347825,700.6829268292684,0.7510626912117004
000046,9,334.5652173913043,868.6829268292684,0.7401533722877502
000046,10,400.65217391304344,1003.9024390243902,0.8001168966293335
000046,11,466.73913043478257,1139.1219512195123,0.7698591947555542
000046,12,235.43478260869563,901.4634146341464,0.6797662973403931
000046,17,198.26086956521738,536.780487804878,0.6330834627151489
000046,18,103.26086956521738,569.5609756097562,0.3157266080379486
000047,2,198.26086956521738,667.9024390243902,0.8618759512901306
000047,3,268.4782608695652,635.1219512195122,0.8746663331985474
000047,4,334.5652173913043,766.2439024390244,0.7049240469932556
000047,5,433.695652173913,835.9024390243902,0.8322784304618835
000047,6,132.17391304347825,700.6829268292684,0.7501053810119629
000047,9,334.5652173913043,868.6829268292684,0.736918568611145
000047,10,400.65217391304344,1003.9024390243902,0.8214160799980164
000047,11,466.73913043478257,1139.1219512195123,0.7532104849815369
000047,12,264.3478260869565,901.4634146341464,0.6454213857650757
000047,15,202.39130434782606,499.9024390243903,0.11397138237953186
000047,17,198.26086956521738,532.6829268292684,0.6120346784591675
000047,18,103.26086956521738,569.5609756097562,0.3179164528846741
000048,2,198.26086956521738,667.9024390243902,0.8209697604179382
000048,3,268.4782608695652,635.1219512195122,0.8376561403274536
000048,4,334.5652173913043,737.5609756097562,0.7347715497016907
000048,5,433.695652173913,803.1219512195122,0.7265259623527527
000048,6,132.17391304347825,672.0,0.7133017182350159
000048,7,169.3478260869565,803.1219512195122,0.2755822539329529
000048,8,231.30434782608694,901.4634146341464,0.2470799833536148
000048,9,334.5652173913043,868.6829268292684,0.7416253089904785
000048,10,400.65217391304344,1003.9024390243902,0.8245799541473389
000048,11,466.73913043478257,1139.1219512195123,0.7457396388053894
000048,12,264.3478260869565,901.4634146341464,0.5989892482757568
000048,15,202.39130434782606,499.9024390243903,0.10728221386671066
000048,17,202.39130434782606,532.6829268292684,0.587374210357666
000048,18,103.26086956521738,569.5609756097562,0.3220042288303375
000049,2,198.26086956521738,635.1219512195122,0.8088288903236389
000049,3,268.4782608695652,631.0243902439024,0.7992818355560303
000049,4,334.5652173913043,733.4634146341464,0.7536243200302124
000049,5,433.695652173913,803.1219512195122,0.7933409810066223
000049,6,132.17391304347825,667.9024390243902,0.7964755296707153
000049,7,169.3478260869565,803.1219512195122,0.6966508626937866
000049,8,231.30434782608694,901.4634146341464,0.6887342929840088
000049,9,334.5652173913043,868.6829268292684,0.6957436203956604
000049,10,400.65217391304344,1003.9024390243902,0.8949584364891052
000049,11,466.73913043478257,1135.0243902439024,0.7580885291099548
000049,12,268.4782608695652,868.6829268292684,0.5959386825561523
000049,13,400.65217391304344,999.8048780487806,0.13924428820610046
000049,14,433.695652173913,1003.9024390243902,0.452706903219223
000049,17,202.39130434782606,504.0,0.5950282216072083
000049,18,132.17391304347825,565.4634146341464,0.31957191228866577
000050,2,198.26086956521738,635.1219512195122,0.8903651237487793
000050,3,268.4782608695652,602.3414634146342,0.8547925353050232
000050,4,367.6086956521739,733.4634146341464,0.7940573692321777
000050,5,433.695652173913,803.1219512195122,0.8655478358268738
000050,6,132.17391304347825,667.9024390243902,0.8138092756271362
000050,7,169.3478260869565,803.1219512195122,0.5695521831512451
000050,8,231.30434782608694,901.4634146341464,0.5192080140113831
000050,9,334.5652173913043,835.9024390243902,0.7500698566436768
000050,10,400.65217391304344,1003.9024390243902,0.846818745136261
000050,11,466.73913043478257,1135.0243902439024,0.7482953071594238
000050,12,264.3478260869565,868.6829268292684,0.6113003492355347
000050,17,202.39130434782606,499.9024390243903,0.6907070279121399
000050,18,103.26086956521738,536.780487804878,0.3075611889362335
000051,2,198.26086956521738,635.1219512195122,0.8901795744895935
000051,3,268.4782608695652,602.3414634146342,0.8850797414779663
000051,4,367.6086956521739,704.780487804878,0.7492557764053345
000051,5,433.695652173913,770.3414634146342,0.8213278651237488
000051,6,132.17391304347825,667.9024390243902,0.7680565714836121
000051,7,198.26086956521738,799.0243902439024,0.14431525766849518
000051,9,334.5652173913043,835.9024390243902,0.7475084662437439
000051,10,400.65217391304344,999.8048780487806,0.7705802321434021
000051,11,466.73913043478257,1135.0243902439024,0.7526721954345703
000051,12,268.4782608695652,868.6829268292684,0.6878103613853455
000051,13,400.65217391304344,967.0243902439024,0.3355371356010437
000051,14,433.695652173913,1003.9024390243902,0.4165385365486145
000051,17,202.39130434782606,499.9024390243903,0.6509546041488647
000051,18,103.26086956521738,536.780487804878,0.3138715326786041
000052,2,198.26086956521738,635.1219512195122,0.8571608066558838
000052,3,268.4782608695652,602.3414634146342,0.8267184495925903
000052,4,367.6086956521739,700.6829268292684,0.778607964515686
000052,5,433.695652173913,770.3414634146342,0.885685920715332
000052,6,132.17391304347825,667.9024390243902,0.7281293272972107
000052,7,169.3478260869565,770.3414634146342,0.1928916871547699
000052,9,334.5652173913043,835.9024390243902,0.738587498664856
000052,10,400.65217391304344,971.1219512195122,0.8515498638153076
000052,11,466.73913043478257,1135.0243902439024,0.7519899010658264
000052,12,264.3478260869565,868.6829268292684,0.6521969437599182
000052,13,367.6086956521739,967.0243902439024,0.1254895180463791
000052,14,433.695652173913,1003.9024390243902,0.30335021018981934
000052,17,202.39130434782606,499.9024390243903,0.6439518928527832
000052,18,132.17391304347825,536.780487804878,0.34187614917755127
000053,2,198.26086956521738,635.1219512195122,0.8150554895401001
000053,3,268.4782608695652,598.2439024390244,0.8096224665641785
000053,4,367.6086956521739,700.6829268292684,0.7890121936798096
000053,5,433.695652173913,766.2439024390244,0.779244065284729
000053,6,132.17391304347825,667.9024390243902,0.6732651591300964
000053,7,165.2173913043478,770.3414634146342,0.2988261878490448
000053,9,334.5652173913043,803.1219512195122,0.7196919322013855
000053,10,400.65217391304344,967.0243902439024,0.8574846982955933
000053,11,466.73913043478257,1135.0243902439024,0.6444181799888611
000053,12,264.3478260869565,835.9024390243902,0.5726674795150757
000053,17,202.39130434782606,499.9024390243903,0.5930355191230774
000053,18,132.17391304347825,532.6829268292684,0.37310388684272766
000054,2,198.26086956521738,602.3414634146342,0.7920392751693726
000054,3,268.4782608695652,569.5609756097562,0.804732620716095
000054,4,367.6086956521739,700.6829268292684,0.7121729850769043
000054,5,433.695652173913,737.5609756097562,0.8909029364585876
000054,6,132.17391304347825,635.1219512195122,0.733620285987854
000054,7,165.2173913043478,770.3414634146342,0.4650699198246002
000054,8,202.39130434782606,835.9024390243902,0.30004066228866577
000054,9,334.5652173913043,803.1219512195122,0.7500284314155579
000054,10,400.65217391304344,967.0243902439024,0.7924502491950989
000054,11,437.8260869565217,1102.2439024390244,0.6277190446853638
000054,12,264.3478260869565,835.9024390243902,0.6622233390808105
000054,13,367.6086956521739,938.3414634146342,0.22031837701797485
000054,14,433.695652173913,1003.9024390243902,0.24127386510372162
000054,17,202.39130434782606,499.9024390243903,0.5535832047462463
000054,18,132.17391304347825,532.6829268292684,0.3912387490272522
000055,2,198.26086956521738,602.3414634146342,0.834883451461792
000055,3,268.4782608695652,569.5609756097562,0.8581374883651733
000055,4,363.4782608695652,667.9024390243902,0.6837279796600342
000055,5,433.695652173913,733.4634146341464,0.7617505788803101
000055,6,132.17391304347825,635.1219512195122,0.7352072596549988
000055,7,169.3478260869565,766.2439024390244,0.1965096890926361
000055,9,334.5652173913043,803.1219512195122,0.7546108961105347
000055,10,400.65217391304344,938.3414634146342,0.7324498295783997
000055,11,433.695652173913,1102.2439024390244,0.7027366757392883
000055,12,268.4782608695652,835.9024390243902,0.7324598431587219
000055,13,367.6086956521739,934.2439024390244,0.3484458327293396
000055,14,433.695652173913,1003.9024390243902,0.26568564772605896
000055,17,202.39130434782606,499.9024390243903,0.5520642995834351
000055,18,132.17391304347825,532.6829268292684,0.3148958683013916
000056,2,198.26086956521738,602.3414634146342,0.8499188423156738
000056,3,268.4782608695652,569.5609756097562,0.8643531799316406
000056,4,367.6086956521739,700.6829268292684,0.7100285291671753
000056,5,433.695652173913,704.780487804878,0.7753776907920837
000056,6,132.17391304347825,635.1219512195122,0.7594744563102722
000056,7,169.3478260869565,766.2439024390244,0.12889918684959412
000056,9,334.5652173913043,803.1219512195122,0.7376381754875183
000056,10,433.695652173913,934.2439024390244,0.6343068480491638
000056,11,433.695652173913,1102.2439024390244,0.5570445656776428
000056,12,268.4782608695652,835.9024390243902,0.7242462635040283
000056,13,400.65217391304344,934.2439024390244,0.4867529273033142
000056,14,433.695652173913,1003.9024390243902,0.4697718620300293
000056,17,202.39130434782606,499.9024390243903,0.5417218208312988
000056,18,132.17391304347825,532.6829268292684,0.3008660078048706
000057,2,198.26086956521738,602.3414634146342,0.8817660212516785
000057,3,268.4782608695652,569.5609756097562,0.8914701342582703
000057,4,367.6086956521739,672.0,0.7205682992935181
000057,5,433.695652173913,700.6829268292684,0.7723729610443115
000057,6,132.17391304347825,635.1219512195122,0.8096733093261719
000057,7,198.26086956521738,737.5609756097562,0.10358095914125443
000057,9,334.5652173913043,799.0243902439024,0.6831562519073486
000057,10,433.695652173913,901.4634146341464,0.6149762272834778
000057,11,433.695652173913,1102.2439024390244,0.5689115524291992
000057,12,268.4782608695652,835.9024390243902,0.7058974504470825
000057,13,367.6086956521739,905.5609756097562,0.6309454441070557
000057,14,433.695652173913,1003.9024390243902,0.5087177157402039
000057,17,202.39130434782606,471.219512195122,0.5325124263763428
000057,18,132.17391304347825,532.6829268292684,0.2810794413089752
000058,2,198.26086956521738,602.3414634146342,0.8773902654647827
000058,3,268.4782608695652,569.5609756097562,0.8852829337120056
000058,4,334.5652173913043,667.9024390243902,0.7340185046195984
000058,5,433.695652173913,700.6829268292684,0.8107580542564392
000058,6,132.17391304347825,635.1219512195122,0.8066070675849915
000058,7,198.26086956521738,733.4634146341464,0.19394588470458984
000058,9,334.5652173913043,770.3414634146342,0.6926199197769165
000058,10,433.695652173913,901.4634146341464,0.7495744228363037
000058,11,437.8260869565217,1036.6829268292684,0.5913712382316589
000058,12,268.4782608695652,803.1219512195122,0.690682590007782
000058,13,367.6086956521739,901.4634146341464,0.8184211254119873
000058,14,437.8260869565217,1003.9024390243902,0.47768816351890564
000058,17,202.39130434782606,471.219512195122,0.5467040538787842
000058,18,132.17391304347825,532.6829268292684,0.28874823451042175
000059,2,198.26086956521738,602.3414634146342,0.887649416923523
000059,3,268.4782608695652,569.5609756097562,0.8776435852050781
000059,4,334.5652173913043,667.9024390243902,0.8238177299499512
000059,5,433.695652173913,733.4634146341464,0.7876574993133545
000059,6,132.17391304347825,635.1219512195122,0.8086726665496826
000059,7,198.26086956521738,733.4634146341464,0.16422651708126068
000059,9,334.5652173913043,770.3414634146342,0.6855385899543762
000059,10,433.695652173913,868.6829268292684,0.9119061827659607
000059,11,466.73913043478257,1036.6829268292684,0.6925787329673767
000059,12,268.4782608695652,803.1219512195122,0.6866269111633301
000059,13,367.6086956521739,901.4634146341464,0.8617843985557556
000059,14,466.73913043478257,1036.6829268292684,0.6419458389282227
000059,17,202.39130434782606,467.1219512195122,0.5958967208862305
000059,18,132.17391304347825,504.0,0.2784915268421173
000060,2,198.26086956521738,602.3414634146342,0.8667362332344055
000060,3,268.4782608695652,569.5609756097562,0.8731645345687866
000060,4,334.5652173913043,667.9024390243902,0.836871325969696
000060,5,433.695652173913,733.4634146341464,0.8473760485649109
000060,6,132.17391304347825,635.1219512195122,0.7789154052734375
000060,7,198.26086956521738,733.4634146341464,0.25605857372283936
000060,9,334.5652173913043,770.3414634146342,0.6905084252357483
000060,10,433.695652173913,868.6829268292684,0.8602957129478455
000060,11,466.73913043478257,1036.6829268292684,0.6840944290161133
000060,12,268.4782608695652,803.1219512195122,0.6843581795692444
000060,13,367.6086956521739,901.4634146341464,0.8794060945510864
000060,14,466.73913043478257,1036.6829268292684,0.8142873048782349
000060,17,202.39130434782606,467.1219512195122,0.618736982345581
000060,18,132.17391304347825,504.0,0.27138757705688477
